date,route,expected_demand
2024-01-01,BLR-HYD,290
2024-01-01,BOM-BLR,331
2024-01-01,DEL-BLR,498
2024-01-01,DEL-BOM,256
2024-01-01,DEL-HYD,223
2024-01-02,BLR-HYD,227
2024-01-02,BOM-BLR,332
2024-01-02,DEL-BLR,169
2024-01-02,DEL-BOM,442
2024-01-02,DEL-HYD,217
2024-01-03,BLR-HYD,362
2024-01-03,BOM-BLR,431
2024-01-03,DEL-BLR,393
2024-01-03,DEL-BOM,322
2024-01-03,DEL-HYD,379
2024-01-04,BLR-HYD,344
2024-01-04,BOM-BLR,412
2024-01-04,DEL-BLR,348
2024-01-04,DEL-BOM,413
2024-01-04,DEL-HYD,512
2024-01-05,BLR-HYD,453
2024-01-05,BOM-BLR,318
2024-01-05,DEL-BLR,478
2024-01-05,DEL-BOM,461
2024-01-05,DEL-HYD,324
2024-01-06,BLR-HYD,226
2024-01-06,BOM-BLR,381
2024-01-06,DEL-BLR,472
2024-01-06,DEL-BOM,461
2024-01-06,DEL-HYD,242
2024-01-07,BLR-HYD,216
2024-01-07,BOM-BLR,402
2024-01-07,DEL-BLR,352
2024-01-07,DEL-BOM,340
2024-01-07,DEL-HYD,337
2024-01-08,BLR-HYD,381
2024-01-08,BOM-BLR,325
2024-01-08,DEL-BLR,336
2024-01-08,DEL-BOM,264
2024-01-08,DEL-HYD,416
2024-01-09,BLR-HYD,306
2024-01-09,BOM-BLR,276
2024-01-09,DEL-BLR,288
2024-01-09,DEL-BOM,361
2024-01-09,DEL-HYD,337
2024-01-10,BLR-HYD,311
2024-01-10,BOM-BLR,350
2024-01-10,DEL-BLR,387
2024-01-10,DEL-BOM,344
2024-01-10,DEL-HYD,494
2024-01-11,BLR-HYD,409
2024-01-11,BOM-BLR,363
2024-01-11,DEL-BLR,361
2024-01-11,DEL-BOM,251
2024-01-11,DEL-HYD,243
2024-01-12,BLR-HYD,271
2024-01-12,BOM-BLR,362
2024-01-12,DEL-BLR,275
2024-01-12,DEL-BOM,331
2024-01-12,DEL-HYD,394
2024-01-13,BLR-HYD,330
2024-01-13,BOM-BLR,493
2024-01-13,DEL-BLR,250
2024-01-13,DEL-BOM,174
2024-01-13,DEL-HYD,269
2024-01-14,BLR-HYD,357
2024-01-14,BOM-BLR,316
2024-01-14,DEL-BLR,320
2024-01-14,DEL-BOM,311
2024-01-14,DEL-HYD,475
2024-01-15,BLR-HYD,262
2024-01-15,BOM-BLR,363
2024-01-15,DEL-BLR,369
2024-01-15,DEL-BOM,352
2024-01-15,DEL-HYD,170
2024-01-16,BLR-HYD,237
2024-01-16,BOM-BLR,371
2024-01-16,DEL-BLR,366
2024-01-16,DEL-BOM,193
2024-01-16,DEL-HYD,242
2024-01-17,BLR-HYD,394
2024-01-17,BOM-BLR,310
2024-01-17,DEL-BLR,200
2024-01-17,DEL-BOM,248
2024-01-17,DEL-HYD,149
2024-01-18,BLR-HYD,362
2024-01-18,BOM-BLR,257
2024-01-18,DEL-BLR,187
2024-01-18,DEL-BOM,189
2024-01-18,DEL-HYD,222
2024-01-19,BLR-HYD,453
2024-01-19,BOM-BLR,419
2024-01-19,DEL-BLR,281
2024-01-19,DEL-BOM,293
2024-01-19,DEL-HYD,390
2024-01-20,BLR-HYD,163
2024-01-20,BOM-BLR,287
2024-01-20,DEL-BLR,350
2024-01-20,DEL-BOM,519
2024-01-20,DEL-HYD,340
2024-01-21,BLR-HYD,442
2024-01-21,BOM-BLR,312
2024-01-21,DEL-BLR,252
2024-01-21,DEL-BOM,392
2024-01-21,DEL-HYD,360
2024-01-22,BLR-HYD,235
2024-01-22,BOM-BLR,357
2024-01-22,DEL-BLR,420
2024-01-22,DEL-BOM,425
2024-01-22,DEL-HYD,330
2024-01-23,BLR-HYD,254
2024-01-23,BOM-BLR,354
2024-01-23,DEL-BLR,271
2024-01-23,DEL-BOM,438
2024-01-23,DEL-HYD,441
2024-01-24,BLR-HYD,406
2024-01-24,BOM-BLR,239
2024-01-24,DEL-BLR,380
2024-01-24,DEL-BOM,161
2024-01-24,DEL-HYD,378
2024-01-25,BLR-HYD,323
2024-01-25,BOM-BLR,421
2024-01-25,DEL-BLR,387
2024-01-25,DEL-BOM,319
2024-01-25,DEL-HYD,304
2024-01-26,BLR-HYD,372
2024-01-26,BOM-BLR,335
2024-01-26,DEL-BLR,474
2024-01-26,DEL-BOM,257
2024-01-26,DEL-HYD,415
2024-01-27,BLR-HYD,210
2024-01-27,BOM-BLR,281
2024-01-27,DEL-BLR,343
2024-01-27,DEL-BOM,363
2024-01-27,DEL-HYD,279
2024-01-28,BLR-HYD,262
2024-01-28,BOM-BLR,358
2024-01-28,DEL-BLR,415
2024-01-28,DEL-BOM,429
2024-01-28,DEL-HYD,333
2024-01-29,BLR-HYD,268
2024-01-29,BOM-BLR,244
2024-01-29,DEL-BLR,277
2024-01-29,DEL-BOM,308
2024-01-29,DEL-HYD,451
2024-01-30,BLR-HYD,226
2024-01-30,BOM-BLR,288
2024-01-30,DEL-BLR,227
2024-01-30,DEL-BOM,262
2024-01-30,DEL-HYD,532
2024-01-31,BLR-HYD,534
2024-01-31,BOM-BLR,79
2024-01-31,DEL-BLR,226
2024-01-31,DEL-BOM,259
2024-01-31,DEL-HYD,254
2024-02-01,BLR-HYD,388
2024-02-01,BOM-BLR,299
2024-02-01,DEL-BLR,334
2024-02-01,DEL-BOM,282
2024-02-01,DEL-HYD,411
2024-02-02,BLR-HYD,234
2024-02-02,BOM-BLR,304
2024-02-02,DEL-BLR,168
2024-02-02,DEL-BOM,403
2024-02-02,DEL-HYD,204
2024-02-03,BLR-HYD,283
2024-02-03,BOM-BLR,338
2024-02-03,DEL-BLR,461
2024-02-03,DEL-BOM,343
2024-02-03,DEL-HYD,287
2024-02-04,BLR-HYD,400
2024-02-04,BOM-BLR,99
2024-02-04,DEL-BLR,417
2024-02-04,DEL-BOM,135
2024-02-04,DEL-HYD,453
2024-02-05,BLR-HYD,459
2024-02-05,BOM-BLR,385
2024-02-05,DEL-BLR,181
2024-02-05,DEL-BOM,277
2024-02-05,DEL-HYD,406
2024-02-06,BLR-HYD,430
2024-02-06,BOM-BLR,283
2024-02-06,DEL-BLR,286
2024-02-06,DEL-BOM,324
2024-02-06,DEL-HYD,401
2024-02-07,BLR-HYD,254
2024-02-07,BOM-BLR,331
2024-02-07,DEL-BLR,291
2024-02-07,DEL-BOM,267
2024-02-07,DEL-HYD,349
2024-02-08,BLR-HYD,457
2024-02-08,BOM-BLR,365
2024-02-08,DEL-BLR,403
2024-02-08,DEL-BOM,244
2024-02-08,DEL-HYD,331
2024-02-09,BLR-HYD,381
2024-02-09,BOM-BLR,266
2024-02-09,DEL-BLR,328
2024-02-09,DEL-BOM,448
2024-02-09,DEL-HYD,198
2024-02-10,BLR-HYD,426
2024-02-10,BOM-BLR,228
2024-02-10,DEL-BLR,278
2024-02-10,DEL-BOM,227
2024-02-10,DEL-HYD,432
2024-02-11,BLR-HYD,423
2024-02-11,BOM-BLR,425
2024-02-11,DEL-BLR,339
2024-02-11,DEL-BOM,289
2024-02-11,DEL-HYD,197
2024-02-12,BLR-HYD,304
2024-02-12,BOM-BLR,429
2024-02-12,DEL-BLR,352
2024-02-12,DEL-BOM,192
2024-02-12,DEL-HYD,224
2024-02-13,BLR-HYD,246
2024-02-13,BOM-BLR,442
2024-02-13,DEL-BLR,259
2024-02-13,DEL-BOM,267
2024-02-13,DEL-HYD,406
2024-02-14,BLR-HYD,380
2024-02-14,BOM-BLR,311
2024-02-14,DEL-BLR,318
2024-02-14,DEL-BOM,352
2024-02-14,DEL-HYD,359
2024-02-15,BLR-HYD,500
2024-02-15,BOM-BLR,308
2024-02-15,DEL-BLR,429
2024-02-15,DEL-BOM,530
2024-02-15,DEL-HYD,343
2024-02-16,BLR-HYD,134
2024-02-16,BOM-BLR,105
2024-02-16,DEL-BLR,390
2024-02-16,DEL-BOM,300
2024-02-16,DEL-HYD,420
2024-02-17,BLR-HYD,434
2024-02-17,BOM-BLR,403
2024-02-17,DEL-BLR,359
2024-02-17,DEL-BOM,407
2024-02-17,DEL-HYD,260
2024-02-18,BLR-HYD,262
2024-02-18,BOM-BLR,393
2024-02-18,DEL-BLR,370
2024-02-18,DEL-BOM,493
2024-02-18,DEL-HYD,334
2024-02-19,BLR-HYD,485
2024-02-19,BOM-BLR,498
2024-02-19,DEL-BLR,359
2024-02-19,DEL-BOM,324
2024-02-19,DEL-HYD,343
2024-02-20,BLR-HYD,263
2024-02-20,BOM-BLR,315
2024-02-20,DEL-BLR,480
2024-02-20,DEL-BOM,491
2024-02-20,DEL-HYD,398
2024-02-21,BLR-HYD,360
2024-02-21,BOM-BLR,454
2024-02-21,DEL-BLR,307
2024-02-21,DEL-BOM,412
2024-02-21,DEL-HYD,397
2024-02-22,BLR-HYD,141
2024-02-22,BOM-BLR,333
2024-02-22,DEL-BLR,314
2024-02-22,DEL-BOM,329
2024-02-22,DEL-HYD,433
2024-02-23,BLR-HYD,203
2024-02-23,BOM-BLR,273
2024-02-23,DEL-BLR,301
2024-02-23,DEL-BOM,239
2024-02-23,DEL-HYD,421
2024-02-24,BLR-HYD,410
2024-02-24,BOM-BLR,324
2024-02-24,DEL-BLR,459
2024-02-24,DEL-BOM,296
2024-02-24,DEL-HYD,355
2024-02-25,BLR-HYD,444
2024-02-25,BOM-BLR,313
2024-02-25,DEL-BLR,409
2024-02-25,DEL-BOM,168
2024-02-25,DEL-HYD,295
2024-02-26,BLR-HYD,286
2024-02-26,BOM-BLR,404
2024-02-26,DEL-BLR,350
2024-02-26,DEL-BOM,373
2024-02-26,DEL-HYD,444
2024-02-27,BLR-HYD,287
2024-02-27,BOM-BLR,166
2024-02-27,DEL-BLR,306
2024-02-27,DEL-BOM,487
2024-02-27,DEL-HYD,390
2024-02-28,BLR-HYD,186
2024-02-28,BOM-BLR,213
2024-02-28,DEL-BLR,363
2024-02-28,DEL-BOM,324
2024-02-28,DEL-HYD,302
2024-02-29,BLR-HYD,423
2024-02-29,BOM-BLR,336
2024-02-29,DEL-BLR,440
2024-02-29,DEL-BOM,384
2024-02-29,DEL-HYD,516
2024-03-01,BLR-HYD,383
2024-03-01,BOM-BLR,416
2024-03-01,DEL-BLR,405
2024-03-01,DEL-BOM,325
2024-03-01,DEL-HYD,390
2024-03-02,BLR-HYD,255
2024-03-02,BOM-BLR,268
2024-03-02,DEL-BLR,297
2024-03-02,DEL-BOM,404
2024-03-02,DEL-HYD,351
2024-03-03,BLR-HYD,373
2024-03-03,BOM-BLR,334
2024-03-03,DEL-BLR,322
2024-03-03,DEL-BOM,362
2024-03-03,DEL-HYD,139
2024-03-04,BLR-HYD,248
2024-03-04,BOM-BLR,337
2024-03-04,DEL-BLR,463
2024-03-04,DEL-BOM,253
2024-03-04,DEL-HYD,237
2024-03-05,BLR-HYD,371
2024-03-05,BOM-BLR,319
2024-03-05,DEL-BLR,115
2024-03-05,DEL-BOM,243
2024-03-05,DEL-HYD,148
2024-03-06,BLR-HYD,292
2024-03-06,BOM-BLR,501
2024-03-06,DEL-BLR,513
2024-03-06,DEL-BOM,397
2024-03-06,DEL-HYD,315
2024-03-07,BLR-HYD,412
2024-03-07,BOM-BLR,330
2024-03-07,DEL-BLR,485
2024-03-07,DEL-BOM,275
2024-03-07,DEL-HYD,197
2024-03-08,BLR-HYD,259
2024-03-08,BOM-BLR,211
2024-03-08,DEL-BLR,399
2024-03-08,DEL-BOM,315
2024-03-08,DEL-HYD,478
2024-03-09,BLR-HYD,194
2024-03-09,BOM-BLR,315
2024-03-09,DEL-BLR,400
2024-03-09,DEL-BOM,358
2024-03-09,DEL-HYD,178
2024-03-10,BLR-HYD,240
2024-03-10,BOM-BLR,341
2024-03-10,DEL-BLR,369
2024-03-10,DEL-BOM,229
2024-03-10,DEL-HYD,370
2024-03-11,BLR-HYD,371
2024-03-11,BOM-BLR,381
2024-03-11,DEL-BLR,253
2024-03-11,DEL-BOM,395
2024-03-11,DEL-HYD,391
2024-03-12,BLR-HYD,292
2024-03-12,BOM-BLR,236
2024-03-12,DEL-BLR,342
2024-03-12,DEL-BOM,412
2024-03-12,DEL-HYD,366
2024-03-13,BLR-HYD,296
2024-03-13,BOM-BLR,371
2024-03-13,DEL-BLR,461
2024-03-13,DEL-BOM,448
2024-03-13,DEL-HYD,383
2024-03-14,BLR-HYD,481
2024-03-14,BOM-BLR,299
2024-03-14,DEL-BLR,438
2024-03-14,DEL-BOM,281
2024-03-14,DEL-HYD,329
2024-03-15,BLR-HYD,294
2024-03-15,BOM-BLR,363
2024-03-15,DEL-BLR,342
2024-03-15,DEL-BOM,264
2024-03-15,DEL-HYD,327
2024-03-16,BLR-HYD,339
2024-03-16,BOM-BLR,354
2024-03-16,DEL-BLR,457
2024-03-16,DEL-BOM,258
2024-03-16,DEL-HYD,447
2024-03-17,BLR-HYD,398
2024-03-17,BOM-BLR,359
2024-03-17,DEL-BLR,229
2024-03-17,DEL-BOM,328
2024-03-17,DEL-HYD,317
2024-03-18,BLR-HYD,461
2024-03-18,BOM-BLR,300
2024-03-18,DEL-BLR,493
2024-03-18,DEL-BOM,319
2024-03-18,DEL-HYD,175
2024-03-19,BLR-HYD,435
2024-03-19,BOM-BLR,360
2024-03-19,DEL-BLR,225
2024-03-19,DEL-BOM,227
2024-03-19,DEL-HYD,297
2024-03-20,BLR-HYD,401
2024-03-20,BOM-BLR,334
2024-03-20,DEL-BLR,418
2024-03-20,DEL-BOM,200
2024-03-20,DEL-HYD,347
2024-03-21,BLR-HYD,246
2024-03-21,BOM-BLR,374
2024-03-21,DEL-BLR,449
2024-03-21,DEL-BOM,501
2024-03-21,DEL-HYD,385
2024-03-22,BLR-HYD,267
2024-03-22,BOM-BLR,478
2024-03-22,DEL-BLR,562
2024-03-22,DEL-BOM,269
2024-03-22,DEL-HYD,359
2024-03-23,BLR-HYD,118
2024-03-23,BOM-BLR,168
2024-03-23,DEL-BLR,392
2024-03-23,DEL-BOM,257
2024-03-23,DEL-HYD,407
2024-03-24,BLR-HYD,407
2024-03-24,BOM-BLR,310
2024-03-24,DEL-BLR,308
2024-03-24,DEL-BOM,453
2024-03-24,DEL-HYD,249
2024-03-25,BLR-HYD,442
2024-03-25,BOM-BLR,263
2024-03-25,DEL-BLR,252
2024-03-25,DEL-BOM,398
2024-03-25,DEL-HYD,355
2024-03-26,BLR-HYD,304
2024-03-26,BOM-BLR,369
2024-03-26,DEL-BLR,421
2024-03-26,DEL-BOM,184
2024-03-26,DEL-HYD,304
2024-03-27,BLR-HYD,340
2024-03-27,BOM-BLR,384
2024-03-27,DEL-BLR,324
2024-03-27,DEL-BOM,379
2024-03-27,DEL-HYD,301
2024-03-28,BLR-HYD,230
2024-03-28,BOM-BLR,357
2024-03-28,DEL-BLR,319
2024-03-28,DEL-BOM,295
2024-03-28,DEL-HYD,296
2024-03-29,BLR-HYD,244
2024-03-29,BOM-BLR,296
2024-03-29,DEL-BLR,464
2024-03-29,DEL-BOM,268
2024-03-29,DEL-HYD,335
2024-03-30,BLR-HYD,294
2024-03-30,BOM-BLR,286
2024-03-30,DEL-BLR,237
2024-03-30,DEL-BOM,529
2024-03-30,DEL-HYD,254
2024-03-31,BLR-HYD,371
2024-03-31,BOM-BLR,437
2024-03-31,DEL-BLR,349
2024-03-31,DEL-BOM,477
2024-03-31,DEL-HYD,309
2024-04-01,BLR-HYD,348
2024-04-01,BOM-BLR,243
2024-04-01,DEL-BLR,285
2024-04-01,DEL-BOM,375
2024-04-01,DEL-HYD,373
2024-04-02,BLR-HYD,314
2024-04-02,BOM-BLR,368
2024-04-02,DEL-BLR,348
2024-04-02,DEL-BOM,310
2024-04-02,DEL-HYD,447
2024-04-03,BLR-HYD,233
2024-04-03,BOM-BLR,371
2024-04-03,DEL-BLR,311
2024-04-03,DEL-BOM,360
2024-04-03,DEL-HYD,438
2024-04-04,BLR-HYD,221
2024-04-04,BOM-BLR,261
2024-04-04,DEL-BLR,413
2024-04-04,DEL-BOM,257
2024-04-04,DEL-HYD,272
2024-04-05,BLR-HYD,404
2024-04-05,BOM-BLR,331
2024-04-05,DEL-BLR,443
2024-04-05,DEL-BOM,496
2024-04-05,DEL-HYD,148
2024-04-06,BLR-HYD,285
2024-04-06,BOM-BLR,389
2024-04-06,DEL-BLR,262
2024-04-06,DEL-BOM,390
2024-04-06,DEL-HYD,297
2024-04-07,BLR-HYD,385
2024-04-07,BOM-BLR,255
2024-04-07,DEL-BLR,289
2024-04-07,DEL-BOM,396
2024-04-07,DEL-HYD,398
2024-04-08,BLR-HYD,374
2024-04-08,BOM-BLR,378
2024-04-08,DEL-BLR,315
2024-04-08,DEL-BOM,297
2024-04-08,DEL-HYD,165
2024-04-09,BLR-HYD,227
2024-04-09,BOM-BLR,469
2024-04-09,DEL-BLR,181
2024-04-09,DEL-BOM,315
2024-04-09,DEL-HYD,412
2024-04-10,BLR-HYD,275
2024-04-10,BOM-BLR,217
2024-04-10,DEL-BLR,353
2024-04-10,DEL-BOM,374
2024-04-10,DEL-HYD,369
2024-04-11,BLR-HYD,455
2024-04-11,BOM-BLR,459
2024-04-11,DEL-BLR,334
2024-04-11,DEL-BOM,249
2024-04-11,DEL-HYD,364
2024-04-12,BLR-HYD,553
2024-04-12,BOM-BLR,203
2024-04-12,DEL-BLR,228
2024-04-12,DEL-BOM,230
2024-04-12,DEL-HYD,334
2024-04-13,BLR-HYD,244
2024-04-13,BOM-BLR,384
2024-04-13,DEL-BLR,414
2024-04-13,DEL-BOM,364
2024-04-13,DEL-HYD,177
2024-04-14,BLR-HYD,257
2024-04-14,BOM-BLR,285
2024-04-14,DEL-BLR,222
2024-04-14,DEL-BOM,409
2024-04-14,DEL-HYD,395
2024-04-15,BLR-HYD,415
2024-04-15,BOM-BLR,345
2024-04-15,DEL-BLR,319
2024-04-15,DEL-BOM,396
2024-04-15,DEL-HYD,264
2024-04-16,BLR-HYD,426
2024-04-16,BOM-BLR,385
2024-04-16,DEL-BLR,256
2024-04-16,DEL-BOM,166
2024-04-16,DEL-HYD,235
2024-04-17,BLR-HYD,291
2024-04-17,BOM-BLR,426
2024-04-17,DEL-BLR,527
2024-04-17,DEL-BOM,368
2024-04-17,DEL-HYD,336
2024-04-18,BLR-HYD,329
2024-04-18,BOM-BLR,371
2024-04-18,DEL-BLR,469
2024-04-18,DEL-BOM,381
2024-04-18,DEL-HYD,422
2024-04-19,BLR-HYD,549
2024-04-19,BOM-BLR,344
2024-04-19,DEL-BLR,238
2024-04-19,DEL-BOM,194
2024-04-19,DEL-HYD,351
2024-04-20,BLR-HYD,303
2024-04-20,BOM-BLR,443
2024-04-20,DEL-BLR,282
2024-04-20,DEL-BOM,359
2024-04-20,DEL-HYD,406
2024-04-21,BLR-HYD,408
2024-04-21,BOM-BLR,387
2024-04-21,DEL-BLR,386
2024-04-21,DEL-BOM,350
2024-04-21,DEL-HYD,262
2024-04-22,BLR-HYD,287
2024-04-22,BOM-BLR,200
2024-04-22,DEL-BLR,213
2024-04-22,DEL-BOM,214
2024-04-22,DEL-HYD,287
2024-04-23,BLR-HYD,282
2024-04-23,BOM-BLR,262
2024-04-23,DEL-BLR,382
2024-04-23,DEL-BOM,310
2024-04-23,DEL-HYD,299
2024-04-24,BLR-HYD,515
2024-04-24,BOM-BLR,304
2024-04-24,DEL-BLR,184
2024-04-24,DEL-BOM,99
2024-04-24,DEL-HYD,368
2024-04-25,BLR-HYD,315
2024-04-25,BOM-BLR,401
2024-04-25,DEL-BLR,236
2024-04-25,DEL-BOM,448
2024-04-25,DEL-HYD,230
2024-04-26,BLR-HYD,270
2024-04-26,BOM-BLR,429
2024-04-26,DEL-BLR,390
2024-04-26,DEL-BOM,408
2024-04-26,DEL-HYD,487
2024-04-27,BLR-HYD,343
2024-04-27,BOM-BLR,291
2024-04-27,DEL-BLR,369
2024-04-27,DEL-BOM,491
2024-04-27,DEL-HYD,253
2024-04-28,BLR-HYD,363
2024-04-28,BOM-BLR,281
2024-04-28,DEL-BLR,483
2024-04-28,DEL-BOM,296
2024-04-28,DEL-HYD,345
2024-04-29,BLR-HYD,309
2024-04-29,BOM-BLR,284
2024-04-29,DEL-BLR,160
2024-04-29,DEL-BOM,399
2024-04-29,DEL-HYD,274
2024-04-30,BLR-HYD,329
2024-04-30,BOM-BLR,315
2024-04-30,DEL-BLR,256
2024-04-30,DEL-BOM,482
2024-04-30,DEL-HYD,500
2024-05-01,BLR-HYD,260
2024-05-01,BOM-BLR,432
2024-05-01,DEL-BLR,374
2024-05-01,DEL-BOM,272
2024-05-01,DEL-HYD,192
2024-05-02,BLR-HYD,327
2024-05-02,BOM-BLR,262
2024-05-02,DEL-BLR,409
2024-05-02,DEL-BOM,394
2024-05-02,DEL-HYD,205
2024-05-03,BLR-HYD,312
2024-05-03,BOM-BLR,330
2024-05-03,DEL-BLR,260
2024-05-03,DEL-BOM,381
2024-05-03,DEL-HYD,236
2024-05-04,BLR-HYD,365
2024-05-04,BOM-BLR,214
2024-05-04,DEL-BLR,320
2024-05-04,DEL-BOM,463
2024-05-04,DEL-HYD,324
2024-05-05,BLR-HYD,406
2024-05-05,BOM-BLR,343
2024-05-05,DEL-BLR,360
2024-05-05,DEL-BOM,211
2024-05-05,DEL-HYD,305
2024-05-06,BLR-HYD,440
2024-05-06,BOM-BLR,236
2024-05-06,DEL-BLR,287
2024-05-06,DEL-BOM,305
2024-05-06,DEL-HYD,364
2024-05-07,BLR-HYD,244
2024-05-07,BOM-BLR,375
2024-05-07,DEL-BLR,484
2024-05-07,DEL-BOM,346
2024-05-07,DEL-HYD,259
2024-05-08,BLR-HYD,357
2024-05-08,BOM-BLR,177
2024-05-08,DEL-BLR,375
2024-05-08,DEL-BOM,384
2024-05-08,DEL-HYD,392
2024-05-09,BLR-HYD,161
2024-05-09,BOM-BLR,350
2024-05-09,DEL-BLR,323
2024-05-09,DEL-BOM,424
2024-05-09,DEL-HYD,269
2024-05-10,BLR-HYD,159
2024-05-10,BOM-BLR,168
2024-05-10,DEL-BLR,362
2024-05-10,DEL-BOM,223
2024-05-10,DEL-HYD,156
2024-05-11,BLR-HYD,340
2024-05-11,BOM-BLR,390
2024-05-11,DEL-BLR,291
2024-05-11,DEL-BOM,225
2024-05-11,DEL-HYD,321
2024-05-12,BLR-HYD,515
2024-05-12,BOM-BLR,384
2024-05-12,DEL-BLR,408
2024-05-12,DEL-BOM,309
2024-05-12,DEL-HYD,319
2024-05-13,BLR-HYD,339
2024-05-13,BOM-BLR,355
2024-05-13,DEL-BLR,384
2024-05-13,DEL-BOM,428
2024-05-13,DEL-HYD,334
2024-05-14,BLR-HYD,294
2024-05-14,BOM-BLR,379
2024-05-14,DEL-BLR,265
2024-05-14,DEL-BOM,263
2024-05-14,DEL-HYD,349
2024-05-15,BLR-HYD,410
2024-05-15,BOM-BLR,413
2024-05-15,DEL-BLR,351
2024-05-15,DEL-BOM,419
2024-05-15,DEL-HYD,240
2024-05-16,BLR-HYD,372
2024-05-16,BOM-BLR,211
2024-05-16,DEL-BLR,328
2024-05-16,DEL-BOM,415
2024-05-16,DEL-HYD,364
2024-05-17,BLR-HYD,315
2024-05-17,BOM-BLR,329
2024-05-17,DEL-BLR,370
2024-05-17,DEL-BOM,311
2024-05-17,DEL-HYD,501
2024-05-18,BLR-HYD,379
2024-05-18,BOM-BLR,469
2024-05-18,DEL-BLR,204
2024-05-18,DEL-BOM,171
2024-05-18,DEL-HYD,249
2024-05-19,BLR-HYD,416
2024-05-19,BOM-BLR,262
2024-05-19,DEL-BLR,272
2024-05-19,DEL-BOM,282
2024-05-19,DEL-HYD,119
2024-05-20,BLR-HYD,177
2024-05-20,BOM-BLR,260
2024-05-20,DEL-BLR,165
2024-05-20,DEL-BOM,292
2024-05-20,DEL-HYD,410
2024-05-21,BLR-HYD,306
2024-05-21,BOM-BLR,373
2024-05-21,DEL-BLR,374
2024-05-21,DEL-BOM,441
2024-05-21,DEL-HYD,465
2024-05-22,BLR-HYD,522
2024-05-22,BOM-BLR,453
2024-05-22,DEL-BLR,242
2024-05-22,DEL-BOM,467
2024-05-22,DEL-HYD,141
2024-05-23,BLR-HYD,209
2024-05-23,BOM-BLR,257
2024-05-23,DEL-BLR,199
2024-05-23,DEL-BOM,296
2024-05-23,DEL-HYD,475
2024-05-24,BLR-HYD,312
2024-05-24,BOM-BLR,114
2024-05-24,DEL-BLR,297
2024-05-24,DEL-BOM,464
2024-05-24,DEL-HYD,473
2024-05-25,BLR-HYD,302
2024-05-25,BOM-BLR,397
2024-05-25,DEL-BLR,253
2024-05-25,DEL-BOM,321
2024-05-25,DEL-HYD,265
2024-05-26,BLR-HYD,241
2024-05-26,BOM-BLR,189
2024-05-26,DEL-BLR,227
2024-05-26,DEL-BOM,307
2024-05-26,DEL-HYD,359
2024-05-27,BLR-HYD,360
2024-05-27,BOM-BLR,417
2024-05-27,DEL-BLR,445
2024-05-27,DEL-BOM,421
2024-05-27,DEL-HYD,291
2024-05-28,BLR-HYD,453
2024-05-28,BOM-BLR,288
2024-05-28,DEL-BLR,312
2024-05-28,DEL-BOM,390
2024-05-28,DEL-HYD,142
2024-05-29,BLR-HYD,188
2024-05-29,BOM-BLR,135
2024-05-29,DEL-BLR,422
2024-05-29,DEL-BOM,212
2024-05-29,DEL-HYD,398
2024-05-30,BLR-HYD,399
2024-05-30,BOM-BLR,420
2024-05-30,DEL-BLR,244
2024-05-30,DEL-BOM,130
2024-05-30,DEL-HYD,356
2024-05-31,BLR-HYD,455
2024-05-31,BOM-BLR,288
2024-05-31,DEL-BLR,260
2024-05-31,DEL-BOM,324
2024-05-31,DEL-HYD,347
2024-06-01,BLR-HYD,310
2024-06-01,BOM-BLR,369
2024-06-01,DEL-BLR,420
2024-06-01,DEL-BOM,152
2024-06-01,DEL-HYD,206
2024-06-02,BLR-HYD,342
2024-06-02,BOM-BLR,269
2024-06-02,DEL-BLR,266
2024-06-02,DEL-BOM,400
2024-06-02,DEL-HYD,364
2024-06-03,BLR-HYD,386
2024-06-03,BOM-BLR,422
2024-06-03,DEL-BLR,262
2024-06-03,DEL-BOM,378
2024-06-03,DEL-HYD,495
2024-06-04,BLR-HYD,228
2024-06-04,BOM-BLR,411
2024-06-04,DEL-BLR,263
2024-06-04,DEL-BOM,370
2024-06-04,DEL-HYD,346
2024-06-05,BLR-HYD,290
2024-06-05,BOM-BLR,287
2024-06-05,DEL-BLR,347
2024-06-05,DEL-BOM,336
2024-06-05,DEL-HYD,384
2024-06-06,BLR-HYD,301
2024-06-06,BOM-BLR,311
2024-06-06,DEL-BLR,356
2024-06-06,DEL-BOM,348
2024-06-06,DEL-HYD,322
2024-06-07,BLR-HYD,403
2024-06-07,BOM-BLR,308
2024-06-07,DEL-BLR,265
2024-06-07,DEL-BOM,271
2024-06-07,DEL-HYD,374
2024-06-08,BLR-HYD,505
2024-06-08,BOM-BLR,465
2024-06-08,DEL-BLR,177
2024-06-08,DEL-BOM,374
2024-06-08,DEL-HYD,430
2024-06-09,BLR-HYD,331
2024-06-09,BOM-BLR,259
2024-06-09,DEL-BLR,301
2024-06-09,DEL-BOM,289
2024-06-09,DEL-HYD,232
2024-06-10,BLR-HYD,329
2024-06-10,BOM-BLR,160
2024-06-10,DEL-BLR,423
2024-06-10,DEL-BOM,393
2024-06-10,DEL-HYD,503
2024-06-11,BLR-HYD,210
2024-06-11,BOM-BLR,408
2024-06-11,DEL-BLR,159
2024-06-11,DEL-BOM,342
2024-06-11,DEL-HYD,294
2024-06-12,BLR-HYD,381
2024-06-12,BOM-BLR,369
2024-06-12,DEL-BLR,412
2024-06-12,DEL-BOM,329
2024-06-12,DEL-HYD,200
2024-06-13,BLR-HYD,300
2024-06-13,BOM-BLR,377
2024-06-13,DEL-BLR,325
2024-06-13,DEL-BOM,464
2024-06-13,DEL-HYD,348
2024-06-14,BLR-HYD,253
2024-06-14,BOM-BLR,314
2024-06-14,DEL-BLR,303
2024-06-14,DEL-BOM,306
2024-06-14,DEL-HYD,277
2024-06-15,BLR-HYD,298
2024-06-15,BOM-BLR,279
2024-06-15,DEL-BLR,366
2024-06-15,DEL-BOM,315
2024-06-15,DEL-HYD,431
2024-06-16,BLR-HYD,342
2024-06-16,BOM-BLR,246
2024-06-16,DEL-BLR,176
2024-06-16,DEL-BOM,186
2024-06-16,DEL-HYD,383
2024-06-17,BLR-HYD,292
2024-06-17,BOM-BLR,351
2024-06-17,DEL-BLR,369
2024-06-17,DEL-BOM,388
2024-06-17,DEL-HYD,469
2024-06-18,BLR-HYD,255
2024-06-18,BOM-BLR,375
2024-06-18,DEL-BLR,299
2024-06-18,DEL-BOM,381
2024-06-18,DEL-HYD,310
2024-06-19,BLR-HYD,369
2024-06-19,BOM-BLR,261
2024-06-19,DEL-BLR,494
2024-06-19,DEL-BOM,219
2024-06-19,DEL-HYD,228
2024-06-20,BLR-HYD,134
2024-06-20,BOM-BLR,268
2024-06-20,DEL-BLR,393
2024-06-20,DEL-BOM,186
2024-06-20,DEL-HYD,321
2024-06-21,BLR-HYD,335
2024-06-21,BOM-BLR,220
2024-06-21,DEL-BLR,454
2024-06-21,DEL-BOM,435
2024-06-21,DEL-HYD,396
2024-06-22,BLR-HYD,412
2024-06-22,BOM-BLR,429
2024-06-22,DEL-BLR,355
2024-06-22,DEL-BOM,355
2024-06-22,DEL-HYD,370
2024-06-23,BLR-HYD,127
2024-06-23,BOM-BLR,415
2024-06-23,DEL-BLR,192
2024-06-23,DEL-BOM,363
2024-06-23,DEL-HYD,354
2024-06-24,BLR-HYD,209
2024-06-24,BOM-BLR,248
2024-06-24,DEL-BLR,422
2024-06-24,DEL-BOM,389
2024-06-24,DEL-HYD,220
2024-06-25,BLR-HYD,329
2024-06-25,BOM-BLR,273
2024-06-25,DEL-BLR,209
2024-06-25,DEL-BOM,174
2024-06-25,DEL-HYD,404
2024-06-26,BLR-HYD,297
2024-06-26,BOM-BLR,345
2024-06-26,DEL-BLR,288
2024-06-26,DEL-BOM,374
2024-06-26,DEL-HYD,208
2024-06-27,BLR-HYD,428
2024-06-27,BOM-BLR,304
2024-06-27,DEL-BLR,324
2024-06-27,DEL-BOM,377
2024-06-27,DEL-HYD,366
2024-06-28,BLR-HYD,320
2024-06-28,BOM-BLR,262
2024-06-28,DEL-BLR,370
2024-06-28,DEL-BOM,339
2024-06-28,DEL-HYD,289
2024-06-29,BLR-HYD,315
2024-06-29,BOM-BLR,479
2024-06-29,DEL-BLR,358
2024-06-29,DEL-BOM,438
2024-06-29,DEL-HYD,326
2024-06-30,BLR-HYD,208
2024-06-30,BOM-BLR,313
2024-06-30,DEL-BLR,196
2024-06-30,DEL-BOM,260
2024-06-30,DEL-HYD,140
2024-07-01,BLR-HYD,266
2024-07-01,BOM-BLR,216
2024-07-01,DEL-BLR,474
2024-07-01,DEL-BOM,377
2024-07-01,DEL-HYD,481
2024-07-02,BLR-HYD,258
2024-07-02,BOM-BLR,435
2024-07-02,DEL-BLR,335
2024-07-02,DEL-BOM,429
2024-07-02,DEL-HYD,489
2024-07-03,BLR-HYD,374
2024-07-03,BOM-BLR,426
2024-07-03,DEL-BLR,410
2024-07-03,DEL-BOM,498
2024-07-03,DEL-HYD,223
2024-07-04,BLR-HYD,351
2024-07-04,BOM-BLR,404
2024-07-04,DEL-BLR,154
2024-07-04,DEL-BOM,304
2024-07-04,DEL-HYD,233
2024-07-05,BLR-HYD,444
2024-07-05,BOM-BLR,159
2024-07-05,DEL-BLR,488
2024-07-05,DEL-BOM,274
2024-07-05,DEL-HYD,240
2024-07-06,BLR-HYD,419
2024-07-06,BOM-BLR,240
2024-07-06,DEL-BLR,325
2024-07-06,DEL-BOM,311
2024-07-06,DEL-HYD,371
2024-07-07,BLR-HYD,268
2024-07-07,BOM-BLR,328
2024-07-07,DEL-BLR,504
2024-07-07,DEL-BOM,388
2024-07-07,DEL-HYD,312
2024-07-08,BLR-HYD,339
2024-07-08,BOM-BLR,339
2024-07-08,DEL-BLR,412
2024-07-08,DEL-BOM,175
2024-07-08,DEL-HYD,224
2024-07-09,BLR-HYD,304
2024-07-09,BOM-BLR,272
2024-07-09,DEL-BLR,188
2024-07-09,DEL-BOM,132
2024-07-09,DEL-HYD,168
2024-07-10,BLR-HYD,407
2024-07-10,BOM-BLR,325
2024-07-10,DEL-BLR,269
2024-07-10,DEL-BOM,259
2024-07-10,DEL-HYD,363
2024-07-11,BLR-HYD,437
2024-07-11,BOM-BLR,289
2024-07-11,DEL-BLR,388
2024-07-11,DEL-BOM,411
2024-07-11,DEL-HYD,407
2024-07-12,BLR-HYD,192
2024-07-12,BOM-BLR,400
2024-07-12,DEL-BLR,399
2024-07-12,DEL-BOM,239
2024-07-12,DEL-HYD,319
2024-07-13,BLR-HYD,347
2024-07-13,BOM-BLR,431
2024-07-13,DEL-BLR,438
2024-07-13,DEL-BOM,363
2024-07-13,DEL-HYD,387
2024-07-14,BLR-HYD,480
2024-07-14,BOM-BLR,339
2024-07-14,DEL-BLR,226
2024-07-14,DEL-BOM,380
2024-07-14,DEL-HYD,328
2024-07-15,BLR-HYD,280
2024-07-15,BOM-BLR,333
2024-07-15,DEL-BLR,346
2024-07-15,DEL-BOM,252
2024-07-15,DEL-HYD,178
2024-07-16,BLR-HYD,317
2024-07-16,BOM-BLR,282
2024-07-16,DEL-BLR,124
2024-07-16,DEL-BOM,339
2024-07-16,DEL-HYD,194
2024-07-17,BLR-HYD,293
2024-07-17,BOM-BLR,348
2024-07-17,DEL-BLR,403
2024-07-17,DEL-BOM,180
2024-07-17,DEL-HYD,377
2024-07-18,BLR-HYD,243
2024-07-18,BOM-BLR,284
2024-07-18,DEL-BLR,438
2024-07-18,DEL-BOM,460
2024-07-18,DEL-HYD,422
2024-07-19,BLR-HYD,240
2024-07-19,BOM-BLR,235
2024-07-19,DEL-BLR,267
2024-07-19,DEL-BOM,390
2024-07-19,DEL-HYD,350
2024-07-20,BLR-HYD,289
2024-07-20,BOM-BLR,409
2024-07-20,DEL-BLR,128
2024-07-20,DEL-BOM,175
2024-07-20,DEL-HYD,302
2024-07-21,BLR-HYD,392
2024-07-21,BOM-BLR,373
2024-07-21,DEL-BLR,363
2024-07-21,DEL-BOM,293
2024-07-21,DEL-HYD,277
2024-07-22,BLR-HYD,406
2024-07-22,BOM-BLR,309
2024-07-22,DEL-BLR,364
2024-07-22,DEL-BOM,316
2024-07-22,DEL-HYD,372
2024-07-23,BLR-HYD,438
2024-07-23,BOM-BLR,316
2024-07-23,DEL-BLR,480
2024-07-23,DEL-BOM,147
2024-07-23,DEL-HYD,385
2024-07-24,BLR-HYD,370
2024-07-24,BOM-BLR,361
2024-07-24,DEL-BLR,409
2024-07-24,DEL-BOM,424
2024-07-24,DEL-HYD,133
2024-07-25,BLR-HYD,335
2024-07-25,BOM-BLR,192
2024-07-25,DEL-BLR,429
2024-07-25,DEL-BOM,232
2024-07-25,DEL-HYD,275
2024-07-26,BLR-HYD,218
2024-07-26,BOM-BLR,340
2024-07-26,DEL-BLR,341
2024-07-26,DEL-BOM,370
2024-07-26,DEL-HYD,263
2024-07-27,BLR-HYD,112
2024-07-27,BOM-BLR,257
2024-07-27,DEL-BLR,200
2024-07-27,DEL-BOM,509
2024-07-27,DEL-HYD,270
2024-07-28,BLR-HYD,427
2024-07-28,BOM-BLR,529
2024-07-28,DEL-BLR,159
2024-07-28,DEL-BOM,418
2024-07-28,DEL-HYD,151
2024-07-29,BLR-HYD,242
2024-07-29,BOM-BLR,237
2024-07-29,DEL-BLR,336
2024-07-29,DEL-BOM,239
2024-07-29,DEL-HYD,345
2024-07-30,BLR-HYD,436
2024-07-30,BOM-BLR,396
2024-07-30,DEL-BLR,225
2024-07-30,DEL-BOM,218
2024-07-30,DEL-HYD,180
2024-07-31,BLR-HYD,343
2024-07-31,BOM-BLR,322
2024-07-31,DEL-BLR,104
2024-07-31,DEL-BOM,209
2024-07-31,DEL-HYD,240
2024-08-01,BLR-HYD,281
2024-08-01,BOM-BLR,499
2024-08-01,DEL-BLR,352
2024-08-01,DEL-BOM,308
2024-08-01,DEL-HYD,347
2024-08-02,BLR-HYD,82
2024-08-02,BOM-BLR,385
2024-08-02,DEL-BLR,374
2024-08-02,DEL-BOM,120
2024-08-02,DEL-HYD,163
2024-08-03,BLR-HYD,356
2024-08-03,BOM-BLR,428
2024-08-03,DEL-BLR,350
2024-08-03,DEL-BOM,234
2024-08-03,DEL-HYD,384
2024-08-04,BLR-HYD,422
2024-08-04,BOM-BLR,246
2024-08-04,DEL-BLR,210
2024-08-04,DEL-BOM,196
2024-08-04,DEL-HYD,168
2024-08-05,BLR-HYD,199
2024-08-05,BOM-BLR,268
2024-08-05,DEL-BLR,256
2024-08-05,DEL-BOM,193
2024-08-05,DEL-HYD,350
2024-08-06,BLR-HYD,398
2024-08-06,BOM-BLR,249
2024-08-06,DEL-BLR,190
2024-08-06,DEL-BOM,391
2024-08-06,DEL-HYD,283
2024-08-07,BLR-HYD,390
2024-08-07,BOM-BLR,467
2024-08-07,DEL-BLR,321
2024-08-07,DEL-BOM,292
2024-08-07,DEL-HYD,318
2024-08-08,BLR-HYD,343
2024-08-08,BOM-BLR,172
2024-08-08,DEL-BLR,315
2024-08-08,DEL-BOM,373
2024-08-08,DEL-HYD,266
2024-08-09,BLR-HYD,392
2024-08-09,BOM-BLR,84
2024-08-09,DEL-BLR,263
2024-08-09,DEL-BOM,460
2024-08-09,DEL-HYD,373
2024-08-10,BLR-HYD,394
2024-08-10,BOM-BLR,418
2024-08-10,DEL-BLR,429
2024-08-10,DEL-BOM,287
2024-08-10,DEL-HYD,250
2024-08-11,BLR-HYD,234
2024-08-11,BOM-BLR,236
2024-08-11,DEL-BLR,269
2024-08-11,DEL-BOM,426
2024-08-11,DEL-HYD,472
2024-08-12,BLR-HYD,460
2024-08-12,BOM-BLR,204
2024-08-12,DEL-BLR,371
2024-08-12,DEL-BOM,390
2024-08-12,DEL-HYD,372
2024-08-13,BLR-HYD,411
2024-08-13,BOM-BLR,377
2024-08-13,DEL-BLR,425
2024-08-13,DEL-BOM,254
2024-08-13,DEL-HYD,353
2024-08-14,BLR-HYD,273
2024-08-14,BOM-BLR,328
2024-08-14,DEL-BLR,464
2024-08-14,DEL-BOM,307
2024-08-14,DEL-HYD,352
2024-08-15,BLR-HYD,335
2024-08-15,BOM-BLR,229
2024-08-15,DEL-BLR,250
2024-08-15,DEL-BOM,252
2024-08-15,DEL-HYD,251
2024-08-16,BLR-HYD,344
2024-08-16,BOM-BLR,384
2024-08-16,DEL-BLR,254
2024-08-16,DEL-BOM,248
2024-08-16,DEL-HYD,270
2024-08-17,BLR-HYD,360
2024-08-17,BOM-BLR,242
2024-08-17,DEL-BLR,341
2024-08-17,DEL-BOM,482
2024-08-17,DEL-HYD,359
2024-08-18,BLR-HYD,208
2024-08-18,BOM-BLR,362
2024-08-18,DEL-BLR,367
2024-08-18,DEL-BOM,338
2024-08-18,DEL-HYD,402
2024-08-19,BLR-HYD,440
2024-08-19,BOM-BLR,461
2024-08-19,DEL-BLR,459
2024-08-19,DEL-BOM,251
2024-08-19,DEL-HYD,344
2024-08-20,BLR-HYD,355
2024-08-20,BOM-BLR,302
2024-08-20,DEL-BLR,187
2024-08-20,DEL-BOM,224
2024-08-20,DEL-HYD,337
2024-08-21,BLR-HYD,305
2024-08-21,BOM-BLR,352
2024-08-21,DEL-BLR,339
2024-08-21,DEL-BOM,330
2024-08-21,DEL-HYD,369
2024-08-22,BLR-HYD,204
2024-08-22,BOM-BLR,417
2024-08-22,DEL-BLR,302
2024-08-22,DEL-BOM,415
2024-08-22,DEL-HYD,158
2024-08-23,BLR-HYD,393
2024-08-23,BOM-BLR,335
2024-08-23,DEL-BLR,313
2024-08-23,DEL-BOM,311
2024-08-23,DEL-HYD,271
2024-08-24,BLR-HYD,424
2024-08-24,BOM-BLR,491
2024-08-24,DEL-BLR,318
2024-08-24,DEL-BOM,223
2024-08-24,DEL-HYD,461
2024-08-25,BLR-HYD,389
2024-08-25,BOM-BLR,280
2024-08-25,DEL-BLR,445
2024-08-25,DEL-BOM,221
2024-08-25,DEL-HYD,515
2024-08-26,BLR-HYD,390
2024-08-26,BOM-BLR,261
2024-08-26,DEL-BLR,282
2024-08-26,DEL-BOM,280
2024-08-26,DEL-HYD,437
2024-08-27,BLR-HYD,420
2024-08-27,BOM-BLR,348
2024-08-27,DEL-BLR,244
2024-08-27,DEL-BOM,406
2024-08-27,DEL-HYD,340
2024-08-28,BLR-HYD,409
2024-08-28,BOM-BLR,280
2024-08-28,DEL-BLR,273
2024-08-28,DEL-BOM,218
2024-08-28,DEL-HYD,388
2024-08-29,BLR-HYD,267
2024-08-29,BOM-BLR,272
2024-08-29,DEL-BLR,344
2024-08-29,DEL-BOM,218
2024-08-29,DEL-HYD,421
2024-08-30,BLR-HYD,431
2024-08-30,BOM-BLR,351
2024-08-30,DEL-BLR,342
2024-08-30,DEL-BOM,401
2024-08-30,DEL-HYD,292
2024-08-31,BLR-HYD,307
2024-08-31,BOM-BLR,418
2024-08-31,DEL-BLR,343
2024-08-31,DEL-BOM,193
2024-08-31,DEL-HYD,254
2024-09-01,BLR-HYD,471
2024-09-01,BOM-BLR,349
2024-09-01,DEL-BLR,364
2024-09-01,DEL-BOM,433
2024-09-01,DEL-HYD,343
2024-09-02,BLR-HYD,427
2024-09-02,BOM-BLR,310
2024-09-02,DEL-BLR,349
2024-09-02,DEL-BOM,449
2024-09-02,DEL-HYD,258
2024-09-03,BLR-HYD,428
2024-09-03,BOM-BLR,267
2024-09-03,DEL-BLR,409
2024-09-03,DEL-BOM,388
2024-09-03,DEL-HYD,365
2024-09-04,BLR-HYD,427
2024-09-04,BOM-BLR,243
2024-09-04,DEL-BLR,480
2024-09-04,DEL-BOM,239
2024-09-04,DEL-HYD,198
2024-09-05,BLR-HYD,414
2024-09-05,BOM-BLR,137
2024-09-05,DEL-BLR,310
2024-09-05,DEL-BOM,330
2024-09-05,DEL-HYD,276
2024-09-06,BLR-HYD,305
2024-09-06,BOM-BLR,342
2024-09-06,DEL-BLR,357
2024-09-06,DEL-BOM,203
2024-09-06,DEL-HYD,454
2024-09-07,BLR-HYD,336
2024-09-07,BOM-BLR,371
2024-09-07,DEL-BLR,359
2024-09-07,DEL-BOM,255
2024-09-07,DEL-HYD,393
2024-09-08,BLR-HYD,340
2024-09-08,BOM-BLR,245
2024-09-08,DEL-BLR,272
2024-09-08,DEL-BOM,472
2024-09-08,DEL-HYD,331
2024-09-09,BLR-HYD,435
2024-09-09,BOM-BLR,198
2024-09-09,DEL-BLR,342
2024-09-09,DEL-BOM,365
2024-09-09,DEL-HYD,116
2024-09-10,BLR-HYD,365
2024-09-10,BOM-BLR,458
2024-09-10,DEL-BLR,386
2024-09-10,DEL-BOM,168
2024-09-10,DEL-HYD,359
2024-09-11,BLR-HYD,504
2024-09-11,BOM-BLR,433
2024-09-11,DEL-BLR,289
2024-09-11,DEL-BOM,383
2024-09-11,DEL-HYD,259
2024-09-12,BLR-HYD,234
2024-09-12,BOM-BLR,185
2024-09-12,DEL-BLR,280
2024-09-12,DEL-BOM,429
2024-09-12,DEL-HYD,270
2024-09-13,BLR-HYD,188
2024-09-13,BOM-BLR,455
2024-09-13,DEL-BLR,293
2024-09-13,DEL-BOM,304
2024-09-13,DEL-HYD,405
2024-09-14,BLR-HYD,354
2024-09-14,BOM-BLR,422
2024-09-14,DEL-BLR,441
2024-09-14,DEL-BOM,358
2024-09-14,DEL-HYD,376
2024-09-15,BLR-HYD,454
2024-09-15,BOM-BLR,336
2024-09-15,DEL-BLR,137
2024-09-15,DEL-BOM,291
2024-09-15,DEL-HYD,475
2024-09-16,BLR-HYD,314
2024-09-16,BOM-BLR,290
2024-09-16,DEL-BLR,481
2024-09-16,DEL-BOM,344
2024-09-16,DEL-HYD,385
2024-09-17,BLR-HYD,333
2024-09-17,BOM-BLR,283
2024-09-17,DEL-BLR,209
2024-09-17,DEL-BOM,344
2024-09-17,DEL-HYD,168
2024-09-18,BLR-HYD,291
2024-09-18,BOM-BLR,349
2024-09-18,DEL-BLR,430
2024-09-18,DEL-BOM,230
2024-09-18,DEL-HYD,220
2024-09-19,BLR-HYD,414
2024-09-19,BOM-BLR,259
2024-09-19,DEL-BLR,376
2024-09-19,DEL-BOM,252
2024-09-19,DEL-HYD,140
2024-09-20,BLR-HYD,263
2024-09-20,BOM-BLR,372
2024-09-20,DEL-BLR,378
2024-09-20,DEL-BOM,209
2024-09-20,DEL-HYD,317
2024-09-21,BLR-HYD,359
2024-09-21,BOM-BLR,444
2024-09-21,DEL-BLR,110
2024-09-21,DEL-BOM,302
2024-09-21,DEL-HYD,442
2024-09-22,BLR-HYD,489
2024-09-22,BOM-BLR,423
2024-09-22,DEL-BLR,341
2024-09-22,DEL-BOM,374
2024-09-22,DEL-HYD,237
2024-09-23,BLR-HYD,290
2024-09-23,BOM-BLR,238
2024-09-23,DEL-BLR,332
2024-09-23,DEL-BOM,254
2024-09-23,DEL-HYD,195
2024-09-24,BLR-HYD,171
2024-09-24,BOM-BLR,253
2024-09-24,DEL-BLR,335
2024-09-24,DEL-BOM,408
2024-09-24,DEL-HYD,304
2024-09-25,BLR-HYD,293
2024-09-25,BOM-BLR,381
2024-09-25,DEL-BLR,231
2024-09-25,DEL-BOM,259
2024-09-25,DEL-HYD,447
2024-09-26,BLR-HYD,454
2024-09-26,BOM-BLR,221
2024-09-26,DEL-BLR,255
2024-09-26,DEL-BOM,468
2024-09-26,DEL-HYD,234
2024-09-27,BLR-HYD,181
2024-09-27,BOM-BLR,336
2024-09-27,DEL-BLR,425
2024-09-27,DEL-BOM,258
2024-09-27,DEL-HYD,355
2024-09-28,BLR-HYD,346
2024-09-28,BOM-BLR,333
2024-09-28,DEL-BLR,395
2024-09-28,DEL-BOM,287
2024-09-28,DEL-HYD,393
2024-09-29,BLR-HYD,261
2024-09-29,BOM-BLR,361
2024-09-29,DEL-BLR,224
2024-09-29,DEL-BOM,490
2024-09-29,DEL-HYD,267
2024-09-30,BLR-HYD,290
2024-09-30,BOM-BLR,144
2024-09-30,DEL-BLR,347
2024-09-30,DEL-BOM,440
2024-09-30,DEL-HYD,407
2024-10-01,BLR-HYD,357
2024-10-01,BOM-BLR,356
2024-10-01,DEL-BLR,336
2024-10-01,DEL-BOM,282
2024-10-01,DEL-HYD,85
2024-10-02,BLR-HYD,129
2024-10-02,BOM-BLR,472
2024-10-02,DEL-BLR,332
2024-10-02,DEL-BOM,365
2024-10-02,DEL-HYD,265
2024-10-03,BLR-HYD,295
2024-10-03,BOM-BLR,399
2024-10-03,DEL-BLR,464
2024-10-03,DEL-BOM,291
2024-10-03,DEL-HYD,370
2024-10-04,BLR-HYD,245
2024-10-04,BOM-BLR,271
2024-10-04,DEL-BLR,301
2024-10-04,DEL-BOM,312
2024-10-04,DEL-HYD,365
2024-10-05,BLR-HYD,430
2024-10-05,BOM-BLR,202
2024-10-05,DEL-BLR,541
2024-10-05,DEL-BOM,536
2024-10-05,DEL-HYD,329
2024-10-06,BLR-HYD,337
2024-10-06,BOM-BLR,330
2024-10-06,DEL-BLR,230
2024-10-06,DEL-BOM,261
2024-10-06,DEL-HYD,459
2024-10-07,BLR-HYD,273
2024-10-07,BOM-BLR,353
2024-10-07,DEL-BLR,158
2024-10-07,DEL-BOM,183
2024-10-07,DEL-HYD,367
2024-10-08,BLR-HYD,321
2024-10-08,BOM-BLR,300
2024-10-08,DEL-BLR,219
2024-10-08,DEL-BOM,416
2024-10-08,DEL-HYD,339
2024-10-09,BLR-HYD,323
2024-10-09,BOM-BLR,407
2024-10-09,DEL-BLR,404
2024-10-09,DEL-BOM,375
2024-10-09,DEL-HYD,297
2024-10-10,BLR-HYD,283
2024-10-10,BOM-BLR,197
2024-10-10,DEL-BLR,128
2024-10-10,DEL-BOM,252
2024-10-10,DEL-HYD,271
2024-10-11,BLR-HYD,342
2024-10-11,BOM-BLR,247
2024-10-11,DEL-BLR,302
2024-10-11,DEL-BOM,183
2024-10-11,DEL-HYD,321
2024-10-12,BLR-HYD,446
2024-10-12,BOM-BLR,295
2024-10-12,DEL-BLR,225
2024-10-12,DEL-BOM,498
2024-10-12,DEL-HYD,376
2024-10-13,BLR-HYD,202
2024-10-13,BOM-BLR,75
2024-10-13,DEL-BLR,149
2024-10-13,DEL-BOM,339
2024-10-13,DEL-HYD,302
2024-10-14,BLR-HYD,387
2024-10-14,BOM-BLR,338
2024-10-14,DEL-BLR,440
2024-10-14,DEL-BOM,440
2024-10-14,DEL-HYD,231
2024-10-15,BLR-HYD,216
2024-10-15,BOM-BLR,525
2024-10-15,DEL-BLR,342
2024-10-15,DEL-BOM,352
2024-10-15,DEL-HYD,303
2024-10-16,BLR-HYD,453
2024-10-16,BOM-BLR,488
2024-10-16,DEL-BLR,367
2024-10-16,DEL-BOM,418
2024-10-16,DEL-HYD,399
2024-10-17,BLR-HYD,185
2024-10-17,BOM-BLR,185
2024-10-17,DEL-BLR,348
2024-10-17,DEL-BOM,213
2024-10-17,DEL-HYD,367
2024-10-18,BLR-HYD,226
2024-10-18,BOM-BLR,401
2024-10-18,DEL-BLR,402
2024-10-18,DEL-BOM,242
2024-10-18,DEL-HYD,477
2024-10-19,BLR-HYD,468
2024-10-19,BOM-BLR,310
2024-10-19,DEL-BLR,242
2024-10-19,DEL-BOM,376
2024-10-19,DEL-HYD,277
2024-10-20,BLR-HYD,303
2024-10-20,BOM-BLR,421
2024-10-20,DEL-BLR,172
2024-10-20,DEL-BOM,320
2024-10-20,DEL-HYD,390
2024-10-21,BLR-HYD,296
2024-10-21,BOM-BLR,462
2024-10-21,DEL-BLR,345
2024-10-21,DEL-BOM,253
2024-10-21,DEL-HYD,309
2024-10-22,BLR-HYD,409
2024-10-22,BOM-BLR,243
2024-10-22,DEL-BLR,427
2024-10-22,DEL-BOM,384
2024-10-22,DEL-HYD,343
2024-10-23,BLR-HYD,262
2024-10-23,BOM-BLR,286
2024-10-23,DEL-BLR,449
2024-10-23,DEL-BOM,224
2024-10-23,DEL-HYD,308
2024-10-24,BLR-HYD,352
2024-10-24,BOM-BLR,279
2024-10-24,DEL-BLR,212
2024-10-24,DEL-BOM,293
2024-10-24,DEL-HYD,245
2024-10-25,BLR-HYD,227
2024-10-25,BOM-BLR,305
2024-10-25,DEL-BLR,215
2024-10-25,DEL-BOM,406
2024-10-25,DEL-HYD,157
2024-10-26,BLR-HYD,308
2024-10-26,BOM-BLR,360
2024-10-26,DEL-BLR,375
2024-10-26,DEL-BOM,219
2024-10-26,DEL-HYD,320
2024-10-27,BLR-HYD,311
2024-10-27,BOM-BLR,150
2024-10-27,DEL-BLR,238
2024-10-27,DEL-BOM,304
2024-10-27,DEL-HYD,196
2024-10-28,BLR-HYD,409
2024-10-28,BOM-BLR,445
2024-10-28,DEL-BLR,308
2024-10-28,DEL-BOM,413
2024-10-28,DEL-HYD,309
2024-10-29,BLR-HYD,442
2024-10-29,BOM-BLR,300
2024-10-29,DEL-BLR,240
2024-10-29,DEL-BOM,360
2024-10-29,DEL-HYD,313
2024-10-30,BLR-HYD,279
2024-10-30,BOM-BLR,385
2024-10-30,DEL-BLR,413
2024-10-30,DEL-BOM,480
2024-10-30,DEL-HYD,198
2024-10-31,BLR-HYD,235
2024-10-31,BOM-BLR,261
2024-10-31,DEL-BLR,261
2024-10-31,DEL-BOM,334
2024-10-31,DEL-HYD,254
2024-11-01,BLR-HYD,376
2024-11-01,BOM-BLR,339
2024-11-01,DEL-BLR,538
2024-11-01,DEL-BOM,242
2024-11-01,DEL-HYD,390
2024-11-02,BLR-HYD,296
2024-11-02,BOM-BLR,239
2024-11-02,DEL-BLR,215
2024-11-02,DEL-BOM,329
2024-11-02,DEL-HYD,253
2024-11-03,BLR-HYD,380
2024-11-03,BOM-BLR,511
2024-11-03,DEL-BLR,337
2024-11-03,DEL-BOM,370
2024-11-03,DEL-HYD,360
2024-11-04,BLR-HYD,525
2024-11-04,BOM-BLR,320
2024-11-04,DEL-BLR,451
2024-11-04,DEL-BOM,296
2024-11-04,DEL-HYD,258
2024-11-05,BLR-HYD,271
2024-11-05,BOM-BLR,346
2024-11-05,DEL-BLR,102
2024-11-05,DEL-BOM,397
2024-11-05,DEL-HYD,268
2024-11-06,BLR-HYD,435
2024-11-06,BOM-BLR,339
2024-11-06,DEL-BLR,216
2024-11-06,DEL-BOM,268
2024-11-06,DEL-HYD,277
2024-11-07,BLR-HYD,284
2024-11-07,BOM-BLR,226
2024-11-07,DEL-BLR,338
2024-11-07,DEL-BOM,420
2024-11-07,DEL-HYD,249
2024-11-08,BLR-HYD,485
2024-11-08,BOM-BLR,355
2024-11-08,DEL-BLR,282
2024-11-08,DEL-BOM,277
2024-11-08,DEL-HYD,467
2024-11-09,BLR-HYD,430
2024-11-09,BOM-BLR,304
2024-11-09,DEL-BLR,318
2024-11-09,DEL-BOM,293
2024-11-09,DEL-HYD,120
2024-11-10,BLR-HYD,275
2024-11-10,BOM-BLR,293
2024-11-10,DEL-BLR,260
2024-11-10,DEL-BOM,352
2024-11-10,DEL-HYD,459
2024-11-11,BLR-HYD,241
2024-11-11,BOM-BLR,179
2024-11-11,DEL-BLR,437
2024-11-11,DEL-BOM,211
2024-11-11,DEL-HYD,292
2024-11-12,BLR-HYD,393
2024-11-12,BOM-BLR,325
2024-11-12,DEL-BLR,425
2024-11-12,DEL-BOM,258
2024-11-12,DEL-HYD,246
2024-11-13,BLR-HYD,374
2024-11-13,BOM-BLR,257
2024-11-13,DEL-BLR,461
2024-11-13,DEL-BOM,292
2024-11-13,DEL-HYD,339
2024-11-14,BLR-HYD,346
2024-11-14,BOM-BLR,321
2024-11-14,DEL-BLR,265
2024-11-14,DEL-BOM,193
2024-11-14,DEL-HYD,235
2024-11-15,BLR-HYD,143
2024-11-15,BOM-BLR,215
2024-11-15,DEL-BLR,160
2024-11-15,DEL-BOM,322
2024-11-15,DEL-HYD,423
2024-11-16,BLR-HYD,246
2024-11-16,BOM-BLR,411
2024-11-16,DEL-BLR,302
2024-11-16,DEL-BOM,350
2024-11-16,DEL-HYD,473
2024-11-17,BLR-HYD,268
2024-11-17,BOM-BLR,365
2024-11-17,DEL-BLR,236
2024-11-17,DEL-BOM,396
2024-11-17,DEL-HYD,140
2024-11-18,BLR-HYD,441
2024-11-18,BOM-BLR,419
2024-11-18,DEL-BLR,351
2024-11-18,DEL-BOM,179
2024-11-18,DEL-HYD,367
2024-11-19,BLR-HYD,234
2024-11-19,BOM-BLR,340
2024-11-19,DEL-BLR,388
2024-11-19,DEL-BOM,363
2024-11-19,DEL-HYD,326
2024-11-20,BLR-HYD,346
2024-11-20,BOM-BLR,419
2024-11-20,DEL-BLR,290
2024-11-20,DEL-BOM,355
2024-11-20,DEL-HYD,207
2024-11-21,BLR-HYD,345
2024-11-21,BOM-BLR,312
2024-11-21,DEL-BLR,275
2024-11-21,DEL-BOM,369
2024-11-21,DEL-HYD,250
2024-11-22,BLR-HYD,191
2024-11-22,BOM-BLR,406
2024-11-22,DEL-BLR,280
2024-11-22,DEL-BOM,231
2024-11-22,DEL-HYD,344
2024-11-23,BLR-HYD,413
2024-11-23,BOM-BLR,276
2024-11-23,DEL-BLR,149
2024-11-23,DEL-BOM,364
2024-11-23,DEL-HYD,380
2024-11-24,BLR-HYD,349
2024-11-24,BOM-BLR,349
2024-11-24,DEL-BLR,332
2024-11-24,DEL-BOM,256
2024-11-24,DEL-HYD,406
2024-11-25,BLR-HYD,218
2024-11-25,BOM-BLR,372
2024-11-25,DEL-BLR,422
2024-11-25,DEL-BOM,350
2024-11-25,DEL-HYD,354
2024-11-26,BLR-HYD,355
2024-11-26,BOM-BLR,322
2024-11-26,DEL-BLR,403
2024-11-26,DEL-BOM,381
2024-11-26,DEL-HYD,371
2024-11-27,BLR-HYD,461
2024-11-27,BOM-BLR,321
2024-11-27,DEL-BLR,285
2024-11-27,DEL-BOM,272
2024-11-27,DEL-HYD,450
2024-11-28,BLR-HYD,338
2024-11-28,BOM-BLR,371
2024-11-28,DEL-BLR,398
2024-11-28,DEL-BOM,387
2024-11-28,DEL-HYD,504
2024-11-29,BLR-HYD,123
2024-11-29,BOM-BLR,286
2024-11-29,DEL-BLR,363
2024-11-29,DEL-BOM,175
2024-11-29,DEL-HYD,168
2024-11-30,BLR-HYD,350
2024-11-30,BOM-BLR,231
2024-11-30,DEL-BLR,416
2024-11-30,DEL-BOM,466
2024-11-30,DEL-HYD,378
2024-12-01,BLR-HYD,267
2024-12-01,BOM-BLR,449
2024-12-01,DEL-BLR,460
2024-12-01,DEL-BOM,437
2024-12-01,DEL-HYD,335
2024-12-02,BLR-HYD,390
2024-12-02,BOM-BLR,362
2024-12-02,DEL-BLR,397
2024-12-02,DEL-BOM,276
2024-12-02,DEL-HYD,302
2024-12-03,BLR-HYD,346
2024-12-03,BOM-BLR,239
2024-12-03,DEL-BLR,204
2024-12-03,DEL-BOM,466
2024-12-03,DEL-HYD,180
2024-12-04,BLR-HYD,339
2024-12-04,BOM-BLR,235
2024-12-04,DEL-BLR,202
2024-12-04,DEL-BOM,262
2024-12-04,DEL-HYD,273
2024-12-05,BLR-HYD,342
2024-12-05,BOM-BLR,408
2024-12-05,DEL-BLR,204
2024-12-05,DEL-BOM,375
2024-12-05,DEL-HYD,206
2024-12-06,BLR-HYD,244
2024-12-06,BOM-BLR,160
2024-12-06,DEL-BLR,281
2024-12-06,DEL-BOM,330
2024-12-06,DEL-HYD,473
2024-12-07,BLR-HYD,375
2024-12-07,BOM-BLR,358
2024-12-07,DEL-BLR,291
2024-12-07,DEL-BOM,385
2024-12-07,DEL-HYD,245
2024-12-08,BLR-HYD,361
2024-12-08,BOM-BLR,455
2024-12-08,DEL-BLR,162
2024-12-08,DEL-BOM,264
2024-12-08,DEL-HYD,431
2024-12-09,BLR-HYD,227
2024-12-09,BOM-BLR,243
2024-12-09,DEL-BLR,338
2024-12-09,DEL-BOM,186
2024-12-09,DEL-HYD,502
2024-12-10,BLR-HYD,325
2024-12-10,BOM-BLR,310
2024-12-10,DEL-BLR,304
2024-12-10,DEL-BOM,497
2024-12-10,DEL-HYD,217
2024-12-11,BLR-HYD,245
2024-12-11,BOM-BLR,351
2024-12-11,DEL-BLR,438
2024-12-11,DEL-BOM,438
2024-12-11,DEL-HYD,361
2024-12-12,BLR-HYD,423
2024-12-12,BOM-BLR,331
2024-12-12,DEL-BLR,495
2024-12-12,DEL-BOM,378
2024-12-12,DEL-HYD,375
2024-12-13,BLR-HYD,255
2024-12-13,BOM-BLR,329
2024-12-13,DEL-BLR,333
2024-12-13,DEL-BOM,328
2024-12-13,DEL-HYD,284
2024-12-14,BLR-HYD,182
2024-12-14,BOM-BLR,516
2024-12-14,DEL-BLR,456
2024-12-14,DEL-BOM,410
2024-12-14,DEL-HYD,386
2024-12-15,BLR-HYD,200
2024-12-15,BOM-BLR,411
2024-12-15,DEL-BLR,564
2024-12-15,DEL-BOM,456
2024-12-15,DEL-HYD,391
2024-12-16,BLR-HYD,405
2024-12-16,BOM-BLR,236
2024-12-16,DEL-BLR,371
2024-12-16,DEL-BOM,438
2024-12-16,DEL-HYD,423
2024-12-17,BLR-HYD,267
2024-12-17,BOM-BLR,267
2024-12-17,DEL-BLR,383
2024-12-17,DEL-BOM,216
2024-12-17,DEL-HYD,339
2024-12-18,BLR-HYD,423
2024-12-18,BOM-BLR,355
2024-12-18,DEL-BLR,395
2024-12-18,DEL-BOM,482
2024-12-18,DEL-HYD,357
2024-12-19,BLR-HYD,362
2024-12-19,BOM-BLR,258
2024-12-19,DEL-BLR,295
2024-12-19,DEL-BOM,469
2024-12-19,DEL-HYD,312
2024-12-20,BLR-HYD,307
2024-12-20,BOM-BLR,299
2024-12-20,DEL-BLR,410
2024-12-20,DEL-BOM,399
2024-12-20,DEL-HYD,413
2024-12-21,BLR-HYD,201
2024-12-21,BOM-BLR,335
2024-12-21,DEL-BLR,230
2024-12-21,DEL-BOM,171
2024-12-21,DEL-HYD,277
2024-12-22,BLR-HYD,279
2024-12-22,BOM-BLR,220
2024-12-22,DEL-BLR,419
2024-12-22,DEL-BOM,329
2024-12-22,DEL-HYD,530
2024-12-23,BLR-HYD,306
2024-12-23,BOM-BLR,398
2024-12-23,DEL-BLR,222
2024-12-23,DEL-BOM,251
2024-12-23,DEL-HYD,425
2024-12-24,BLR-HYD,298
2024-12-24,BOM-BLR,214
2024-12-24,DEL-BLR,309
2024-12-24,DEL-BOM,415
2024-12-24,DEL-HYD,480
2024-12-25,BLR-HYD,195
2024-12-25,BOM-BLR,469
2024-12-25,DEL-BLR,394
2024-12-25,DEL-BOM,388
2024-12-25,DEL-HYD,369
2024-12-26,BLR-HYD,242
2024-12-26,BOM-BLR,311
2024-12-26,DEL-BLR,346
2024-12-26,DEL-BOM,485
2024-12-26,DEL-HYD,288
2024-12-27,BLR-HYD,350
2024-12-27,BOM-BLR,400
2024-12-27,DEL-BLR,262
2024-12-27,DEL-BOM,107
2024-12-27,DEL-HYD,350
2024-12-28,BLR-HYD,139
2024-12-28,BOM-BLR,259
2024-12-28,DEL-BLR,250
2024-12-28,DEL-BOM,326
2024-12-28,DEL-HYD,221
2024-12-29,BLR-HYD,276
2024-12-29,BOM-BLR,434
2024-12-29,DEL-BLR,348
2024-12-29,DEL-BOM,298
2024-12-29,DEL-HYD,284
2024-12-30,BLR-HYD,223
2024-12-30,BOM-BLR,316
2024-12-30,DEL-BLR,222
2024-12-30,DEL-BOM,267
2024-12-30,DEL-HYD,337
